

``` sql
mysql> create table employee(Emp_ID int primary key auto_increment,Emp_name varchar(50),Dept_ID int, Salary int);
ERROR 1050 (42S01): Table 'employee' already exists
mysql>  -- drop table employee;
mysql>
mysql> insert into employee (Emp_name,Dept_ID, Salary)
                                values
                                          ('Alice',10,30000),
                             ('Bob',20,40000),
                             ('John',10,35000),
                             ('John',30,45000);
Query OK, 4 rows affected (0.02 sec)
Records: 4  Duplicates: 0  Warnings: 0

mysql> select * from employee;
+--------+----------+---------+--------+------------+
| emp_id | emp_name | dept_id | salary | join_date  |
+--------+----------+---------+--------+------------+
|      1 | Ravi     |      10 |  25000 | 2018-06-01 |
|      2 | Suman    |      20 |  30000 | 2019-08-15 |
|      3 | Riya     |      10 |  27000 | 2020-01-10 |
|      4 | Karan    |      30 |  22000 | 2021-03-12 |
|      5 | Anu      |      20 |  28000 | 2022-07-20 |
|      6 | Alice    |      10 |  30000 | NULL       |
|      7 | Bob      |      20 |  40000 | NULL       |
|      8 | John     |      10 |  35000 | NULL       |
|      9 | John     |      30 |  45000 | NULL       |
+--------+----------+---------+--------+------------+
9 rows in set (0.00 sec)

mysql> Create table Department (Dept_ID int,Dept_Name varchar(25));
ERROR 1050 (42S01): Table 'department' already exists
mysql> insert into Department values (10,'HR'),(20,'IT'),(30,'Finance');
Query OK, 3 rows affected (0.01 sec)
Records: 3  Duplicates: 0  Warnings: 0

mysql> select * from Department;
+---------+-----------+
| dept_id | Dept_name |
+---------+-----------+
|      10 | Sales     |
|      20 | HR        |
|      30 | IT        |
|      40 | Marketing |
|      10 | HR        |
|      20 | IT        |
|      30 | Finance   |
+---------+-----------+
7 rows in set (0.00 sec)

mysql>
mysql> --       1. Using index with Where clause-
mysql> select * from employee
       where emp_name='john';
+--------+----------+---------+--------+-----------+
| emp_id | emp_name | dept_id | salary | join_date |
+--------+----------+---------+--------+-----------+
|      8 | John     |      10 |  35000 | NULL      |
|      9 | John     |      30 |  45000 | NULL      |
+--------+----------+---------+--------+-----------+
2 rows in set (0.00 sec)

mysql>
mysql> -- 2. Using index with Order by
mysql> select emp_id,emp_name
       from employee
       order by emp_name;
+--------+----------+
| emp_id | emp_name |
+--------+----------+
|      6 | Alice    |
|      5 | Anu      |
|      7 | Bob      |
|      8 | John     |
|      9 | John     |
|      4 | Karan    |
|      1 | Ravi     |
|      3 | Riya     |
|      2 | Suman    |
+--------+----------+
9 rows in set (0.00 sec)

mysql>
mysql> -- 3. Using index with LIKE (prefix search)-
mysql> select emp_id,emp_name
       from employee
       where emp_name like 'jo%';
+--------+----------+
| emp_id | emp_name |
+--------+----------+
|      8 | John     |
|      9 | John     |
+--------+----------+
2 rows in set (0.00 sec)

mysql>
mysql> -- 4. Index used in Join queries-
mysql> -- Create Index
mysql> create index idx_dept_id on employee(dept_id);
Query OK, 0 rows affected (0.05 sec)
Records: 0  Duplicates: 0  Warnings: 0

mysql> select e.Emp_name,d.dept_name
       from employee e
       join department d
       on e.dept_id=d.dept_Id;
+----------+-----------+
| Emp_name | dept_name |
+----------+-----------+
| Ravi     | Sales     |
| Riya     | Sales     |
| Alice    | Sales     |
| John     | Sales     |
| Suman    | HR        |
| Anu      | HR        |
| Bob      | HR        |
| Karan    | IT        |
| John     | IT        |
| Ravi     | HR        |
| Riya     | HR        |
| Alice    | HR        |
| John     | HR        |
| Suman    | IT        |
| Anu      | IT        |
| Bob      | IT        |
| Karan    | Finance   |
| John     | Finance   |
+----------+-----------+
18 rows in set (0.00 sec)

mysql>
mysql> -- Verify index usage (Very importent)-
mysql> Select * from employee
       where emp_name='john';
+--------+----------+---------+--------+-----------+
| emp_id | emp_name | dept_id | salary | join_date |
+--------+----------+---------+--------+-----------+
|      8 | John     |      10 |  35000 | NULL      |
|      9 | John     |      30 |  45000 | NULL      |
+--------+----------+---------+--------+-----------+
2 rows in set (0.00 sec)
```